{"cameraMode":{"drawMode":0,"name":"Shaded","section":"Shading Mode"},"sceneLighting":false,"audioPlay":false,"sceneViewState":{"m_AlwaysRefresh":false,"showFog":true,"showSkybox":true,"showFlares":true,"showImageEffects":true,"showParticleSystems":true,"showVisualEffectGraphs":true,"m_FxEnabled":true},"in2DMode":false,"pivot":{"x":0.09488556534051895,"y":0.8102526068687439,"z":-0.7795278429985046},"rotation":{"x":0.1984870731830597,"y":0.0037906488869339229,"z":-0.0007616306538693607,"w":0.980126678943634},"size":1.552390694618225,"orthographic":false}